image_file_name,begin,analysis,explanation
panda_head,"This image is a humorous meme that uses a distorted exaggerated facial expression to convey confusion or disbelief. Here's a detailed breakdown:

","Analysis of the Image:
1. **Facial Expression**:
   - The face is heavily distorted with exaggerated features such as a wide mouth and a furrowed brow. This distortion is often used in memes to amplify emotions or reactions.
   - The expression suggests surprise confusion or disbelief which is reinforced by the accompanying text.

2. **Text**:
   - The text ""ï¼Ÿ"" (a question mark) is prominently displayed in the center of the image. This symbolizes confusion or questioning.

3. **Additional Elements**:
   - A blue water droplet icon is placed near the top right of the image which may symbolize sweat or a nervous reaction further emphasizing the feeling of confusion or stress.

","General Explanation of the Meme:
This meme is likely used to express a moment of confusion or disbelief in a humorous way. The exaggerated facial expression and the question mark text work together to convey a feeling of being caught off guard or unsure about something. It's a common format in internet culture where people use memes to express relatable emotions or reactions in a lighthearted and exaggerated manner."
