image_file,result,Visual Elements,Symbolic Significance,Overall Tone
Cco_BiaUMAAla6m.jpg,"<IMAGE_ANALYSIS>  
Visual Elements:  
- The image is a meme featuring two individuals, one on the left and one on the right, with a humorous caption at the top.  
- The left side shows a person with a serious expression, wearing a gold chain, and the right side shows another person smiling.  
- The caption at the top reads, ""WHO HAS THE BETTER DIS?""  

Symbolic Significance:  
- The meme humorously compares the two individuals, suggesting a comparison of their perceived ""better"" qualities or attributes.  
- The left side's text describes the person as a ""phony"" and a ""fake,"" implying a negative view, while the right side's text describes the person as a ""phony"" and a ""fraud,"" with a humorous twist about promises and degrees.  

Overall Tone:  
- The tone is lighthearted and sarcastic, using humor to make a comparison between the two individuals.  
</IMAGE_ANALYSIS>","- The image is a meme featuring two individuals, one on the left and one on the right, with a humorous caption at the top.  
- The left side shows a person with a serious expression, wearing a gold chain, and the right side shows another person smiling.  
- The caption at the top reads, ""WHO HAS THE BETTER DIS?""","- The meme humorously compares the two individuals, suggesting a comparison of their perceived ""better"" qualities or attributes.  
- The left side's text describes the person as a ""phony"" and a ""fake,"" implying a negative view, while the right side's text describes the person as a ""phony"" and a ""fraud,"" with a humorous twist about promises and degrees.","- The tone is lighthearted and sarcastic, using humor to make a comparison between the two individuals."
u4QjzUI.png,"<IMAGE_ANALYSIS>  
Visual Elements: The image shows a set of cards from the game ""Cards Against Humanity."" There are three visible cards: one black card with text, one white card with a name written in green ink, and another white card with text. The black card mentions ""Michael Bay's new three-hour action epic pits epic pits against..."" while the white card with the name ""Bonnie Suter"" has the text ""The biggest, blackest rock."" The third card has text that is partially visible, mentioning ""you're going to die.""  

Symbolic Significance: The cards appear to be part of a humorous or satirical game, where players use the cards to create jokes or scenarios based on the text. The name ""Bonnie Suter"" and the phrase ""The biggest, blackest rock"" suggest a playful or absurd theme, likely meant to be humorous. The black card's incomplete text implies a comedic or ironic situation, possibly involving Michael Bay's hypothetical action film.  

Overall Tone: The tone of the image is lighthearted and humorous, typical of the ""Cards Against Humanity"" game, which is known for its irreverent and absurd humor.
</IMAGE_ANALYSIS>","The image shows a set of cards from the game ""Cards Against Humanity."" There are three visible cards: one black card with text, one white card with a name written in green ink, and another white card with text. The black card mentions ""Michael Bay's new three-hour action epic pits epic pits against..."" while the white card with the name ""Bonnie Suter"" has the text ""The biggest, blackest rock."" The third card has text that is partially visible, mentioning ""you're going to die.""","The cards appear to be part of a humorous or satirical game, where players use the cards to create jokes or scenarios based on the text. The name ""Bonnie Suter"" and the phrase ""The biggest, blackest rock"" suggest a playful or absurd theme, likely meant to be humorous. The black card's incomplete text implies a comedic or ironic situation, possibly involving Michael Bay's hypothetical action film.","The tone of the image is lighthearted and humorous, typical of the ""Cards Against Humanity"" game, which is known for its irreverent and absurd humor."
zvdzU3y.png,"<IMAGE_ANALYSIS>  
Visual Elements:  
- The image is a political meme comparing two candidates, Bernie Sanders and Hillary Clinton, using a humorous and exaggerated tone.  
- The title ""Bernie or Hillary?"" is prominently displayed at the top, with a subtitle encouraging readers to compare the candidates on issues.  
- The ""Issue: Robot Uprising"" is highlighted as a topic of comparison.  
- Two photos of the candidates are shown, with captions below each.  
- The captions are written in a satirical and exaggerated style, using phrases like ""yelling at Roomba"" and ""nervous metallic laugh.""  

Symbolic Significance:  
- The meme uses humor and satire to critique or highlight perceived differences between the two candidates.  
- The ""Robot Uprising"" issue is likely a metaphor for a perceived lack of seriousness or preparedness in addressing real-world problems.  

Overall Tone:  
- The tone is satirical and critical, using humor to make a point about the candidates' perceived priorities or approaches.  
</IMAGE_ANALYSIS>","- The image is a political meme comparing two candidates, Bernie Sanders and Hillary Clinton, using a humorous and exaggerated tone.  
- The title ""Bernie or Hillary?"" is prominently displayed at the top, with a subtitle encouraging readers to compare the candidates on issues.  
- The ""Issue: Robot Uprising"" is highlighted as a topic of comparison.  
- Two photos of the candidates are shown, with captions below each.  
- The captions are written in a satirical and exaggerated style, using phrases like ""yelling at Roomba"" and ""nervous metallic laugh.""","- The meme uses humor and satire to critique or highlight perceived differences between the two candidates.  
- The ""Robot Uprising"" issue is likely a metaphor for a perceived lack of seriousness or preparedness in addressing real-world problems.","- The tone is satirical and critical, using humor to make a point about the candidates' perceived priorities or approaches."
